{"cameraMode":{"drawMode":0,"name":"Shaded","section":"Shading Mode"},"sceneLighting":false,"audioPlay":false,"sceneViewState":{"m_AlwaysRefresh":false,"showFog":true,"showSkybox":false,"showFlares":true,"showImageEffects":true,"showParticleSystems":true,"showVisualEffectGraphs":true,"m_FxEnabled":true},"in2DMode":false,"pivot":{"x":-0.20804214477539063,"y":0.5103943347930908,"z":-0.05775485932826996},"rotation":{"x":-0.1280394196510315,"y":0.7101168632507324,"z":-0.13385441899299622,"w":-0.6792707443237305},"size":1.5780330896377564,"orthographic":false}