{"cameraMode":{"drawMode":0,"name":"Shaded","section":"Shading Mode"},"sceneLighting":true,"audioPlay":false,"sceneViewState":{"m_AlwaysRefresh":false,"showFog":true,"showSkybox":true,"showFlares":true,"showImageEffects":true,"showParticleSystems":true,"showVisualEffectGraphs":true,"m_FxEnabled":true},"in2DMode":false,"pivot":{"x":3.8889923095703127,"y":0.3070814609527588,"z":-1.9417705535888672},"rotation":{"x":0.017356375232338907,"y":0.9805548191070557,"z":-0.16661345958709718,"w":0.10214854031801224},"size":4.315229415893555,"orthographic":false}